<?xml version="1.0" encoding="UTF-8" ?>
<!DOCTYPE struts PUBLIC 
	"-//Apache Software Foundation//DTD Struts Configuration 2.1//EN" 
	"http://struts.apache.org/dtds/struts-2.1.dtd">
<struts>
	<package name="example" extends="forsoft-global" namespace="/example">
  	<!-- 图书信息管理开始
    <action name="book_*_*" class="bookAction" method="{1}">
    	<interceptor-ref name="fileUpload">  
			<param name="maximumSize">1048576</param>
		</interceptor-ref> 
		<interceptor-ref name="authStack" /> 
    	<result>/example/${target}.jsp</result>
    	<result name="create">/example/book_create.jsp</result>
    	<result name="edit">/example/book_edit.jsp</result>
    	<result name="read">/example/book_read.jsp</result>
		<result name="input">/example/{2}.jsp</result>
		<result name="upload">/example/showUpload.jsp</result>
    </action> -->
    <!-- 图书信息管理结束 -->        
  	</package>
  	

  </struts>