<?xml version="1.0" encoding="UTF-8" ?>
<!DOCTYPE struts PUBLIC 
	"-//Apache Software Foundation//DTD Struts Configuration 2.1//EN" 
	"http://struts.apache.org/dtds/struts-2.1.dtd">
<struts>
<constant name="struts.objectFactory" value="spring" /> 
	<package name="system" extends="forsoft-global" namespace="/system">
     <!--获取验证码开始 -->
    <action name="getValidateCode" class="com.ie.its.login.Imagevalidate" method="getValidateCode">
    	<interceptor-ref name ="defaultStack" />
    </action>
    <!-- 获取验证码结束 -->
    
  	</package>

  	
  	<!-- 系统模块管理开始 -->
  	<package name="operation" extends="forsoft-global" namespace="/operation">
     <action name="operation_*" class="operationAction" method="{1}">
    	<result>/operation/${target}.jsp</result> 
    	<result name="action" type="redirect">/maintain/${target}</result> 
    </action>
  	</package>
  	
  	<package name="maintain" extends="forsoft-global" namespace="/maintain">
  	 <action name="operation_*" class="operationAction" method="{1}">
    	<result>/operation/${target}.jsp</result> 
    	<result name="action" type="redirect">/maintain/${target}</result> 
     </action>
  	</package>
    <!-- 系统模块管理结束 -->
  	
  	
</struts>