<?xml version="1.0" encoding="UTF-8"?>
<beans xmlns="http://www.springframework.org/schema/beans"
 xmlns:xsi="http://www.w3.org/2001/XMLSchema-instance" xmlns:p="http://www.springframework.org/schema/p"
 xmlns:context="http://www.springframework.org/schema/context"
 xmlns:aop="http://www.springframework.org/schema/aop"
 xmlns:tx="http://www.springframework.org/schema/tx"
 xmlns:mvc="http://www.springframework.org/schema/mvc"
 xmlns:task="http://www.springframework.org/schema/task"
 xsi:schemaLocation="http://www.springframework.org/schema/beans
      http://www.springframework.org/schema/beans/spring-beans-3.0.xsd
      http://www.springframework.org/schema/context
      http://www.springframework.org/schema/context/spring-context-3.0.xsd
      http://www.springframework.org/schema/tx
      http://www.springframework.org/schema/tx/spring-tx-3.0.xsd
      http://www.springframework.org/schema/aop
      http://www.springframework.org/schema/aop/spring-aop-3.0.xsd
      http://www.springframework.org/schema/mvc
        http://www.springframework.org/schema/mvc/spring-mvc-3.0.xsd
        http://www.springframework.org/schema/task
        http://www.springframework.org/schema/task/spring-task-3.0.xsd
" default-autowire="byName">  


    <!-- 图书信息管理开始 -->

    <!-- 图书信息管理结束 -->
    
    <!-- 修改密码 -->
    <bean id="passwdService" class="com.ie.its.login.PasswdService" scope="prototype">
    	<property name="dataSource" ref="dataSource"/>
    </bean>
    <bean id="passwdAction" class="com.ie.its.login.PasswdAction" scope="prototype">
       <property name="passwdService">
           <ref bean="passwdService" />
       </property>
    </bean>
    <!-- 修改密码 -->    

    
    <!-- 系统模块管理开始 -->
    <bean id="operationService" class="com.ie.its.operation.OperationService" scope="prototype">
    	<property name="dataSource" ref="dataSource"/>
    </bean>
    <bean id="operationAction" class="com.ie.its.operation.OperationAction" scope="prototype">
       <property name="operationService">
           <ref bean="operationService" />
       </property>
    </bean>
    <!-- 系统模块管理结束 -->
    
     <!--  任务调度功能开关  开始-->
    <task:annotation-driven/>
	<!--  任务调度功能开关  结束-->
</beans>
