<?xml version="1.0" encoding="UTF-8" standalone="no"?>
<xml-body>
<record>
<recordId>1</recordId>
<videoAddr>58.252.73.3</videoAddr>
<videoPort>5234</videoPort>
<videoCurrState>ON</videoCurrState>
<carParkNumber>0</carParkNumber>
<carParkTyple>0</carParkTyple>
<carParkStatus>1</carParkStatus>
<caParkCurrStatus>1</caParkCurrStatus>
<carPictureBytes>1024</carPictureBytes>
</record>
<record>
<recordId>1</recordId>
<videoAddr>58.252.73.3</videoAddr>
<videoPort>5234</videoPort>
<videoCurrState>ON</videoCurrState>
<carParkNumber>1</carParkNumber>
<carParkTyple>0</carParkTyple>
<carParkStatus>1</carParkStatus>
<caParkCurrStatus>1</caParkCurrStatus>
<carPictureBytes>1024</carPictureBytes>
</record><record>
<recordId>1</recordId>
<videoAddr>58.252.73.4</videoAddr>
<videoPort>5234</videoPort>
<videoCurrState>ON</videoCurrState>
<carParkNumber>0</carParkNumber>
<carParkTyple>0</carParkTyple>
<carParkStatus>1</carParkStatus>
<caParkCurrStatus>1</caParkCurrStatus>
<carPictureBytes>1024</carPictureBytes>
</record><record>
<recordId>1</recordId>
<videoAddr>58.252.73.4</videoAddr>
<videoPort>5234</videoPort>
<videoCurrState>ON</videoCurrState>
<carParkNumber>1</carParkNumber>
<carParkTyple>0</carParkTyple>
<carParkStatus>1</carParkStatus>
<caParkCurrStatus>1</caParkCurrStatus>
<carPictureBytes>1024</carPictureBytes>
</record>
</xml-body>
