<?xml version="1.0" encoding="UTF-8"?>
<beans
	xmlns="http://www.springframework.org/schema/beans"
	xmlns:xsi="http://www.w3.org/2001/XMLSchema-instance"
	xmlns:aop="http://www.springframework.org/schema/aop"
	xmlns:tx="http://www.springframework.org/schema/tx"
	xmlns:p="http://www.springframework.org/schema/p"
	xmlns:context="http://www.springframework.org/schema/context"
	xmlns:jaxws="http://cxf.apache.org/jaxws"
	xmlns:soap="http://cxf.apache.org/bindings/soap"
	xmlns:task="http://www.springframework.org/schema/task"
	xsi:schemaLocation="http://www.springframework.org/schema/beans http://www.springframework.org/schema/beans/spring-beans.xsd
	http://www.springframework.org/schema/context http://www.springframework.org/schema/context/spring-context.xsd
	http://www.springframework.org/schema/tx http://www.springframework.org/schema/tx/spring-tx.xsd 
	http://www.springframework.org/schema/aop http://www.springframework.org/schema/aop/spring-aop.xsd
	http://cxf.apache.org/jaxws http://cxf.apache.org/schemas/jaxws.xsd
	http://cxf.apache.org/bindings/soap http://cxf.apache.org/schemas/configuration/soap.xsd
	http://www.springframework.org/schema/task        
	http://www.springframework.org/schema/task/spring-task-3.0.xsd">
    <!-- -->
	<import resource="classpath:META-INF/cxf/cxf.xml" />
	<import resource="classpath:META-INF/cxf/cxf-servlet.xml" />
    <!-- 使用annotation 自动注册bean,并保证@Required,@Autowired的属性被注入 --> 
	<context:component-scan base-package="com.ie" /> 
    <!--  任务调度功能开关  开始
    <task:annotation-driven/>-->
	<!--  任务调度功能开关  结束-->
      <!-- jndi -->
	<context:property-placeholder location="classpath:jdbc.properties"/>

	<!-- 数据库连接池 -->
	<bean id="dataSource" class="org.apache.commons.dbcp.BasicDataSource" destroy-method="close">
    <property name="driverClassName" value="${jdbc.driverClassName}"/>
    <property name="url" value="${jdbc.url}"/>
    <property name="username" value="${jdbc.username}"/>
    <property name="password" value="${jdbc.password}"/>
    <property name="initialSize" value="${initialSize}"></property>
    <property name="maxActive" value="${maxActive}"></property>
    <property name="maxIdle" value="${maxIdle}"></property>
    <property name="maxWait" value="${maxWait}"></property>
  </bean>
	<!-- 事务管理-->
	<bean id="txManager" class="org.springframework.jdbc.datasource.DataSourceTransactionManager">
    	<property name="dataSource" ref="dataSource"/>
  	</bean>
  
  	<!-- 事务的处理方式 -->
	<tx:advice id="txAdvice" transaction-manager="txManager">
	    <tx:attributes>
	      <tx:method name="query*" read-only="true" />
	      <tx:method name="list*" read-only="true" />
	      <tx:method name="update*" propagation="REQUIRED" />
	      <tx:method name="delete*" />
	      <tx:method name="*" />
	    </tx:attributes>
	</tx:advice>
	
	<aop:config>
        <aop:pointcut id="ServicePointcut" 
             expression="execution(* com.ie.its.*.*Service.*(..))"/>  
        <aop:advisor advice-ref="txAdvice" pointcut-ref="ServicePointcut"/>
        
	 	<!--  切面： 将哪个对象中的哪个方法，织入到哪个切入点 -->
	 	 
	 	<aop:aspect id="logRecord" ref="logService" >         
	 	<aop:pointcut id="LogServicePointCut"  
	 	expression=" execution(* com.ie.its.*..*Service.*save*(..)) 
	 	or execution(* com.ie.its.*..*Service.*delete*(..)) 
	 	or execution(* com.ie.its.*..*Service.*update*(..)) 
	 	or execution(* com.ie.its.*..*Service.*create*(..)) 
	 	or execution(* com.ie.its.*..*Service.*setup*(..))
	 	or execution(* com.ie.its.*..*Service.getMapData(..))
	 	or execution(* com.ie.its.*..*Service.impExcelData(..))
	 	or execution(* com.ie.its.*..*Service.excel(..))" />
	   
	   <aop:after method="logArg" pointcut-ref="LogServicePointCut"/>
	       <aop:after-returning method="logArgAndReturn" returning="returnObj" pointcut-ref="LogServicePointCut"/> 
	   <aop:after-throwing method="doThrowing"  throwing="ex"   pointcut-ref="LogServicePointCut"/> 
	   </aop:aspect>
 	  
 	
    </aop:config> 
 
    <tx:annotation-driven transaction-manager="txManager" proxy-target-class="true"/>
    
    <!-- 用户登录开始
    <bean id="loginService" class="com.forecast.ics.login.LoginService" scope="prototype">
    	<property name="dataSource" ref="dataSource"/>
    </bean>
    <bean id="loginAction" class="com.forecast.ics.login.LoginAction" scope="prototype">
       <property name="loginService">
           <ref bean="loginService" />
       </property>
    </bean>
     用户登录结束 -->
    
     <!-- 新用户登录开始 -->
    <bean id="loginAction" class="com.ie.its.login.LoginAction" scope="prototype">
    </bean>
    <!-- 新用户登录结束 -->
    
     <!-- 权限拦截器开始 -->
    <bean id="rc" class="com.ie.frame.RightCheckService" scope="prototype">
    	<property name="dataSource" ref="dataSource"/>
  	</bean>
  	 <bean id="rightInterceptor" class="com.ie.frame.intereptor.RightInterceptor" scope="prototype">   
        <property name="rc">
           <ref bean="rc" />
       	</property> 
     </bean>  
 	<!-- 权限拦截器结束 -->
 	
</beans>
