<?xml version="1.0" encoding="UTF-8" ?>
<!DOCTYPE struts PUBLIC
    "-//Apache Software Foundation//DTD Struts Configuration 2.1.7//EN"
    "http://struts.apache.org/dtds/struts-2.1.7.dtd">
<struts>
	<constant name="struts.objectFactory" value="spring" />
	<!-- 搜索此配置下的所有包 -->
	<constant name="struts.devMode" value="true" />
	<constant name="struts.i18n.reload" value="true" />
	<constant name="struts.configuration.xml.reload" value="true" />
	<constant name="struts.convention.classes.reload" value="true" />

	<constant name="struts.convention.default.parent.package"
		value="forsoft-global" />


	<constant name="struts.convention.package.locators" value="its" />


	<package name="forsoft-global" extends="json-default">
		<!-- 拦截器 -->
		<interceptors>
			<interceptor name="logrequest"
				class="com.ie.frame.intereptor.LogRequestInterceptor" />
			<interceptor name="session"
				class="com.ie.frame.intereptor.SessionInterceptor" />
			<interceptor name="right"
				class="com.ie.frame.intereptor.RightInterceptor" />
			<interceptor name="exp"
				class="com.ie.frame.intereptor.ExceptionIntereptor" />
			<interceptor-stack name="authStack">
				<interceptor-ref name="logrequest" />
				<interceptor-ref name="session" />
				<interceptor-ref name="right" />
				<interceptor-ref name="defaultStack" />
				<interceptor-ref name="exp" />
				<interceptor-ref name="fileUpload">
					<param name="maximumSize">20971520</param>               
				</interceptor-ref>
			</interceptor-stack>

		</interceptors>
		<!-- 默认执行的拦截器 -->
		<default-interceptor-ref name="authStack" />
		<default-action-ref name="pageNotFund"></default-action-ref>

		<!-- 全局Action映射 -->
		<global-results>
			<result name="nosession" type="redirect">/system/login.action</result>
			<result name="noaccess" type="redirect">/system/noright.action</result>
			<result name="nosessionajax" type="json"></result>
			<!-- 500 -->
			<result name="error">/error.html</result>
		</global-results>
		<!-- 全局异常处理类 -->

		<global-exception-mappings>

			<exception-mapping result="error"
				exception="com.ie.frame.exception.InterceptorException" />
		</global-exception-mappings>

		<!-- 404 -->

		<action name="pageNotFund">
			<result>/not_available.html</result>
		</action>
	</package>



	<!-- 用户登录及系统管理模块开始 -->
	<include file="struts/struts-system.xml" />
	<!-- 用户登录及系统管理模块结束 -->

	<!-- 图书信息管理开始 -->
	<include file="struts/struts-example.xml" />
	<!-- 图书信息管理结束 -->



</struts>